satisfaction_level,average_montly_hours,Time_spend_company,Prediction,truth
67,207,7,0,0
51,245,3,0,0
66,136,2,0,0
53,275,2,0,0
83,259,5,1,1
40,232,3,0,0
45,143,3,1,1
76,252,3,0,0
41,221,10,0,0
64,150,3,0,0
42,279,6,0,0
95,225,2,0,0
95,203,2,0,0
30,198,2,0,0
76,242,5,1,0
43,159,3,1,1
82,196,3,0,0
63,206,5,0,0
98,255,2,0,0
17,188,5,0,0
11,282,5,1,1
60,189,2,0,0
10,282,4,1,1
80,267,5,1,1
11,271,4,1,1
63,186,10,0,0
51,143,2,0,0
92,259,2,0,0
97,253,3,0,0
14,108,6,0,0
92,135,3,0,0
50,96,3,0,0
71,144,4,0,0
96,247,3,0,0
11,260,4,1,1
72,198,2,0,0
40,135,3,1,1
59,274,2,0,0
96,228,3,0,0
92,226,6,1,1
54,211,3,0,0
88,274,4,0,0
83,247,2,0,0
85,176,2,0,0
95,151,4,0,0
95,161,2,0,0
51,224,3,0,0
24,147,6,0,0
96,167,2,0,0
30,309,4,1,1
83,221,2,0,0
26,213,2,0,0
55,211,2,0,0
58,132,3,0,0
77,263,6,1,0
57,158,3,0,0
82,263,6,1,1
67,175,2,0,0
31,135,5,1,1
100,152,3,0,0
50,219,3,0,0
60,154,2,0,0
19,192,3,1,1
11,277,5,1,1
50,272,2,0,0
52,243,3,0,0
68,250,3,0,0
75,114,4,0,0
74,170,3,0,0
10,254,4,1,1
43,142,3,1,1
67,171,3,0,0
79,250,3,0,0
79,155,3,0,0
76,224,2,0,0
85,159,2,0,0
72,254,2,0,0
78,239,6,1,1
39,159,3,1,1
99,257,2,0,0
77,255,5,1,1
59,156,2,0,0
9,243,4,1,1
44,156,3,1,1
76,223,2,0,0
44,132,3,1,1
71,261,3,0,0
64,114,6,0,0
79,227,2,0,0
56,163,3,0,0
70,226,4,0,0
58,224,6,0,0
43,135,3,1,1
93,168,2,0,0
52,246,3,0,0
92,213,3,0,0
77,270,5,1,1
67,202,2,0,0
82,160,3,0,0
32,151,3,0,0
81,198,2,0,0
72,244,6,1,1
81,229,5,1,1
93,147,3,0,0
86,137,3,0,0
83,259,2,0,0
76,239,5,1,1
71,194,4,0,0
87,197,3,0,0
81,228,3,0,0
55,166,2,0,0
78,233,3,0,0
66,262,2,0,0
32,194,5,0,0
68,153,3,0,0
62,208,3,0,0
97,133,2,0,0
94,273,3,0,0
66,271,4,0,0
61,199,2,0,0
30,248,4,0,0
57,256,4,0,0
53,158,3,0,0
9,259,4,1,1
73,240,4,0,0
38,147,3,1,1
17,224,3,0,0
10,252,4,1,1
74,200,4,0,0
61,175,3,0,0
98,190,10,0,0
63,242,3,0,0
57,233,7,0,0
70,138,3,0,0
55,191,4,0,0
51,198,2,0,0
10,260,4,1,1
67,185,3,0,0
10,286,4,1,1
74,258,2,0,0
78,243,5,1,1
14,144,5,0,0
73,243,2,0,0
91,265,5,1,1
27,255,4,0,0
91,257,5,1,1
89,272,3,0,0
95,259,3,0,0
10,266,4,1,1
60,203,4,0,0
49,146,4,0,0
79,222,3,0,0
11,275,4,1,1
87,170,3,0,0
64,157,2,0,0
73,163,3,0,0
66,164,6,0,0
38,145,3,1,1
96,160,10,0,0
40,145,3,1,1
21,249,3,0,0
36,276,2,0,1
99,200,2,0,0
83,220,3,0,0
67,210,3,0,0
97,223,3,0,0
60,241,3,0,0
84,189,2,0,0
17,154,10,0,0
58,222,3,0,0
76,206,4,1,1
90,259,5,1,1
71,249,3,0,0
92,177,2,0,0
63,142,3,0,0
96,168,2,0,0
80,161,3,0,0
64,154,4,0,0
75,196,4,0,0
68,167,2,0,0
15,188,7,0,0
63,169,2,0,0
69,106,5,0,0
53,198,2,0,0
37,154,3,1,1
94,238,2,0,0
80,160,4,0,0
94,143,2,0,0
58,144,3,0,0
78,258,3,0,0
65,148,2,0,0
69,153,3,0,0
75,215,2,0,0
89,153,3,0,0
73,161,3,0,0
70,265,2,0,0
71,131,3,0,0
70,183,3,0,0
55,245,3,0,0
89,256,4,0,0
10,293,5,1,1
56,192,2,0,0
71,192,3,0,0
80,211,3,1,1
87,165,2,0,0
9,257,4,1,1
45,135,3,1,1
57,269,2,0,0
82,194,3,0,0
65,233,2,0,0
35,119,3,0,0
10,256,5,1,1
60,147,2,0,0
75,184,2,0,0
62,149,3,0,0
79,232,2,0,0
10,266,4,1,1
50,220,2,0,0
12,161,4,0,0
49,191,3,0,0
76,201,6,0,0
57,188,3,0,0
68,263,2,0,0
77,170,7,0,0
40,160,3,1,1
59,189,3,0,0
85,232,6,1,0
23,242,6,0,0
38,99,3,0,0
11,281,4,1,1
78,191,3,0,0
11,247,4,1,1
36,148,3,1,1
31,133,5,1,1
40,127,3,1,1
90,237,2,0,0
72,261,4,0,0
77,232,5,1,1
62,245,2,0,0
54,156,3,0,0
48,142,4,0,0
29,139,4,0,0
56,144,3,0,0
10,286,4,1,1
85,244,2,0,0
99,222,2,0,0
9,247,4,1,1
49,128,2,0,0
94,176,8,0,0
96,194,4,0,0
80,180,2,0,0
78,202,4,0,0
86,177,3,0,0
16,257,4,0,0
55,145,4,0,0
98,178,3,0,0
64,226,2,0,0
79,250,2,0,0
11,308,4,1,1
10,309,4,1,1
50,245,2,0,0
95,213,3,0,0
47,192,3,0,0
11,277,4,1,1
95,266,2,0,0
83,98,4,0,0
83,241,3,0,0
64,157,2,0,0
71,150,2,0,0
62,148,3,0,0
74,149,2,0,0
91,265,5,1,1
63,219,3,0,0
85,260,2,0,0
51,169,3,0,0
99,190,4,0,0
79,227,6,1,1
71,137,3,0,0
58,257,3,0,0
20,140,6,0,0
43,136,3,1,1
60,225,3,0,0
97,235,3,0,0
78,221,3,0,0
99,177,4,0,0
22,175,5,0,0
91,235,3,0,0
86,150,2,0,0
41,153,3,1,1
57,158,2,0,0
73,233,4,0,0
37,211,4,0,0
39,132,3,1,0
73,228,2,0,0
10,279,4,1,1
11,287,4,1,1
83,132,3,0,0
51,224,2,0,0
25,214,4,1,1
78,177,2,0,0
89,185,2,0,0
100,182,3,0,0
83,139,3,0,0
100,268,2,0,0
91,264,4,0,0
39,135,2,0,0
41,130,3,1,1
45,158,3,1,1
81,210,3,0,0
97,137,8,0,0
15,144,7,0,0
51,251,3,0,0
81,218,5,1,1
88,162,2,0,0
43,150,3,1,1
90,254,7,0,0
76,244,3,0,0
24,224,5,1,1
37,161,2,0,0
63,267,3,0,0
50,229,4,0,0
63,236,2,0,0
50,180,3,0,0
99,228,4,0,0
21,238,8,0,0
66,145,2,0,0
60,258,5,1,1
46,148,3,1,1
72,223,5,1,1
44,149,3,1,1
67,196,3,0,0
78,267,5,1,1
91,169,4,0,0
74,228,5,1,1
61,172,3,0,0
92,246,2,0,0
46,169,3,0,0
68,228,2,0,0
61,244,3,0,0
88,189,2,0,0
10,308,4,1,1
73,139,2,0,0
50,172,2,0,0
55,144,2,0,0
21,142,4,0,0
66,136,3,0,0
66,225,3,0,0
74,255,4,0,0
11,289,5,1,1
76,216,3,0,0
76,147,2,0,0
89,264,5,1,1
38,127,3,1,1
10,253,4,1,1
43,180,3,0,0
16,149,7,0,0
61,153,2,0,0
11,272,4,1,1
93,273,2,0,0
10,310,5,1,1
93,159,3,0,0
95,194,2,0,0
59,182,3,0,0
38,161,3,1,1
17,232,3,1,1
37,155,3,1,1
39,141,3,1,1
91,195,7,0,0
32,162,5,0,0
75,253,6,0,0
47,174,10,0,0
14,281,4,0,0
51,249,4,1,1
87,246,2,0,0
51,148,2,0,0
68,106,6,0,0
94,228,2,0,0
59,245,3,0,0
75,210,3,0,0
50,285,6,0,0
63,286,4,0,0
54,166,3,0,0
9,304,4,1,1
77,271,3,0,0
97,237,3,0,0
77,274,3,0,0
9,297,4,1,1
18,174,6,0,0
76,243,3,0,0
49,134,4,0,0
74,111,4,0,0
70,161,4,1,1
81,212,3,0,0
85,255,2,0,0
48,184,2,0,0
37,135,3,1,1
84,256,5,0,1
84,150,3,0,0
49,161,2,0,0
15,204,6,0,0
48,230,3,0,0
11,276,4,1,1
70,150,3,0,0
73,151,3,0,0
87,145,4,0,0
62,270,3,0,0
71,143,2,0,0
62,216,2,0,0
68,190,3,0,0
91,260,4,0,0
40,155,3,1,1
44,154,3,1,1
74,144,3,0,0
85,139,2,0,0
40,139,3,1,1
53,249,3,0,0
51,260,3,0,0
40,147,3,1,1
95,223,2,0,0
54,260,3,0,1
73,245,3,0,0
90,247,2,0,0
100,142,4,0,0
84,197,3,0,0
49,221,3,0,0
37,140,3,1,1
66,254,2,0,0
43,109,6,0,0
80,141,3,0,0
75,135,2,0,0
33,115,3,0,0
42,155,3,1,1
63,160,4,0,0
11,305,4,1,1
9,258,4,1,1
56,176,3,0,0
40,127,3,1,0
91,139,2,0,0
98,260,3,0,0
56,203,2,0,0
81,132,2,0,0
73,270,2,0,0
66,202,3,0,0
91,159,3,0,0
57,141,3,0,0
66,169,4,0,0
44,271,4,1,1
9,301,5,1,1
84,250,5,1,1
51,238,3,0,0
94,248,3,0,0
44,128,3,1,1
79,188,3,0,0
63,200,3,0,0
73,224,4,0,0
83,149,3,0,0
29,187,10,0,0
93,137,3,0,0
59,126,3,0,0
67,177,4,0,0
84,196,3,0,0
17,191,2,0,0
99,236,3,0,0
88,145,8,0,0
74,243,3,0,0
36,100,3,0,0
36,138,3,1,1
15,280,3,0,0
18,147,4,0,0
48,185,2,0,0
14,217,6,0,0
9,254,4,1,1
76,149,3,0,0
72,164,2,0,0
86,270,5,1,1
71,188,6,0,0
73,235,5,1,1
36,132,3,1,1
79,216,4,0,0
98,204,2,0,0
29,105,6,0,0
37,150,3,1,1
60,232,2,0,0
80,263,4,0,0
71,183,4,0,0
58,145,3,0,0
24,144,4,0,0
15,218,6,0,0
95,225,3,0,0
79,268,5,1,1
95,250,3,0,0
15,198,5,0,0
13,157,5,0,0
89,235,3,0,0
16,261,6,0,0
55,179,3,0,0
91,262,6,1,1
90,252,3,0,0
45,146,3,1,1
85,245,5,1,1
61,159,5,0,0
73,259,4,0,0
95,252,2,0,0
14,275,10,0,0
92,180,3,0,0
37,132,3,1,1
92,218,3,0,0
65,250,2,0,0
83,209,4,0,0
85,235,4,0,0
11,287,4,1,1
81,243,5,1,1
88,244,3,0,0
66,177,7,0,0
97,271,3,0,0
10,254,5,1,1
38,136,3,1,1
42,156,3,1,1
59,178,2,0,0
10,272,4,1,1
30,124,3,0,0
90,259,5,1,1
82,263,8,0,0
78,296,3,1,1
92,223,2,0,0
66,255,5,0,0
79,185,2,0,0
78,256,2,0,0
69,252,3,0,0
44,155,3,1,1
65,270,2,0,0
16,218,6,0,0
86,169,2,0,0
64,105,5,0,0
63,238,4,0,0
99,241,2,0,0
43,150,3,1,1
37,137,3,1,1
75,254,4,0,0
85,222,3,0,0
72,143,4,0,0
44,140,3,1,1
81,204,3,0,0
37,158,3,1,1
94,215,2,0,0
77,224,2,0,0
60,160,3,0,0
56,202,4,0,0
37,126,3,1,1
82,243,5,1,1
25,279,8,0,0
51,145,2,0,0
45,147,3,1,1
15,209,4,0,0
47,254,4,1,1
37,153,3,1,1
97,171,2,0,0
43,141,3,1,1
38,154,3,1,1
37,155,2,0,0
59,205,3,0,0
64,181,2,0,0
88,177,4,0,0
52,239,3,0,0
14,259,4,0,0
23,200,3,0,0
94,204,2,0,0
98,204,4,0,0
66,179,4,0,0
90,261,3,0,0
38,156,3,1,1
13,213,5,0,0
57,156,4,0,0
36,152,3,1,1
59,143,2,0,0
58,271,2,0,0
37,169,2,0,0
61,198,2,0,0
57,189,2,0,0
48,245,5,0,0
39,149,3,1,1
87,228,5,1,1
46,171,3,0,0
10,247,4,1,1
57,159,3,0,0
16,240,2,0,0
91,171,2,0,0
18,208,6,0,0
61,104,2,0,0
62,169,3,0,0
15,255,3,0,0
76,259,5,1,1
58,213,2,0,0
77,231,5,1,1
38,128,3,1,1
97,112,5,0,0
55,150,2,0,0
81,251,6,1,1
64,163,4,0,0
38,182,2,0,0
39,131,3,1,1
82,152,2,0,0
39,127,3,1,1
95,238,3,0,0
69,271,2,0,0
72,257,5,1,1
77,197,4,0,0
48,180,2,0,0
41,135,3,1,1
46,139,3,1,1
42,147,3,1,1
86,234,3,0,0
11,306,4,1,1
9,250,4,1,1
40,152,3,1,1
72,193,2,0,0
50,177,4,0,0
52,150,2,0,0
60,265,3,0,0
66,278,3,0,0
37,131,3,1,1
22,193,10,0,0
73,210,4,0,0
23,238,6,0,0
78,274,6,1,1
41,135,3,1,1
45,140,3,1,1
20,230,4,0,0
44,157,3,1,1
76,198,3,0,0
66,253,4,0,0
71,262,3,0,0
58,215,3,0,0
9,250,4,1,1
66,173,4,0,0
62,147,2,0,0
85,167,4,0,0
58,190,6,0,0
85,260,3,0,0
100,202,4,0,0
60,139,3,0,0
26,232,3,0,0
89,278,2,0,0
73,215,4,0,0
59,213,2,0,0
55,206,3,0,0
9,249,4,1,1
17,174,3,0,0
83,171,3,0,0
66,170,3,0,0
42,160,4,0,0
54,161,4,0,0
66,202,3,0,0
11,251,4,1,1
48,136,3,0,0
98,264,3,0,0
11,259,4,1,1
46,154,3,1,1
54,166,3,0,0
48,220,3,0,0
70,253,2,0,0
34,184,3,0,0
78,143,2,0,0
10,297,5,1,1
74,185,2,0,0
89,275,5,1,1
92,268,4,0,0
71,204,3,0,0
42,151,3,0,1
61,103,8,0,0
36,132,3,1,1
87,263,3,0,0
89,179,2,0,0
45,206,2,0,0
39,282,5,1,1
48,275,6,0,0
74,253,5,1,1
21,238,8,0,0
100,272,3,0,0
56,106,8,0,0
85,256,7,0,0
85,234,5,1,1
29,256,2,0,0
79,139,3,0,1
96,253,7,0,0
76,188,3,0,0
56,264,3,0,0
80,223,3,0,0
62,144,10,0,0
43,149,4,0,1
100,270,3,0,0
92,193,4,0,0
80,238,2,0,0
40,156,3,1,1
90,156,3,0,0
10,286,4,1,1
42,218,6,0,0
96,210,3,0,0
71,208,2,0,0
38,132,3,1,1
71,173,3,0,0
91,179,3,0,0
78,259,3,0,0
40,135,3,1,0
72,195,2,0,0
90,233,5,1,0
14,164,5,0,0
78,209,3,0,0
9,260,4,1,1
89,208,3,0,0
42,143,3,1,1
66,220,2,0,0
49,264,2,0,0
83,267,3,0,0
71,179,5,0,0
86,158,5,1,1
84,166,4,0,0
94,217,5,0,0
76,242,5,1,1
88,123,4,0,0
66,253,5,1,1
31,173,2,0,0
78,249,4,0,0
16,178,3,0,0
56,236,3,0,0
10,286,4,1,1
26,241,4,0,0
83,240,5,1,1
79,144,2,0,0
15,139,4,0,1
60,104,5,0,0
96,247,3,0,0
41,143,3,1,1
83,269,3,0,0
92,257,3,0,0
56,220,2,0,0
89,252,2,0,0
60,274,3,0,0
22,278,5,0,0
13,225,3,0,0
52,275,2,0,0
89,246,5,1,1
74,121,5,0,0
93,256,4,0,0
97,209,2,0,0
24,190,4,0,0
76,204,3,0,0
65,111,5,0,0
41,153,3,1,1
63,226,4,0,0
78,192,3,0,0
40,160,3,1,1
78,135,7,0,0
81,249,2,0,0
87,228,5,1,1
71,231,2,0,0
92,219,5,1,1
91,195,7,0,0
44,131,3,1,1
62,170,3,0,0
88,262,6,1,1
9,256,4,1,1
79,157,6,0,0
10,247,4,1,1
32,266,4,0,0
97,135,2,0,0
98,253,4,0,0
31,240,3,0,0
97,157,4,0,0
75,162,3,0,0
77,286,7,0,0
58,149,6,0,0
73,137,3,0,0
82,150,3,0,0
10,255,4,1,1
20,167,7,0,0
43,128,3,1,1
68,153,4,0,0
89,146,3,0,0
64,179,3,0,0
96,101,4,0,0
84,270,3,0,0
31,177,5,0,0
84,160,3,0,0
98,263,4,0,0
84,222,3,0,0
61,266,2,0,0
10,246,4,1,1
81,270,5,1,1
98,249,3,0,0
93,255,7,0,0
73,273,4,0,0
44,253,2,0,0
39,127,3,1,1
80,212,3,0,0
72,217,3,0,0
92,259,3,0,0
11,262,4,1,1
91,163,3,0,0
38,153,3,1,1
60,205,3,0,0
10,283,4,1,1
69,105,4,0,0
93,231,7,0,0
25,166,5,0,0
54,206,3,0,0
54,249,3,0,0
87,214,3,0,0
42,159,3,1,1
55,232,4,0,0
76,179,3,0,0
49,168,7,0,0
36,155,3,1,0
85,247,2,0,0
52,256,3,0,0
99,170,3,0,0
75,253,3,0,0
9,268,4,1,1
98,253,3,0,0
72,184,4,0,0
83,258,5,1,1
66,178,8,0,0
99,136,4,0,0
15,236,5,0,0
60,249,3,0,0
11,308,4,1,1
28,277,6,0,0
50,266,2,0,0
66,103,2,0,0
33,183,2,0,0
96,170,3,0,0
49,154,3,0,0
58,262,2,0,0
97,255,2,0,0
92,259,2,0,0
91,254,5,1,1
63,239,3,0,0
56,269,2,0,0
69,185,10,0,0
49,148,2,0,0
78,135,7,0,0
82,244,5,1,1
10,298,4,1,1
74,200,3,0,0
81,266,5,1,1
13,219,6,0,0
19,149,3,0,0
39,156,3,1,1
97,202,3,0,0
61,209,2,0,0
69,210,3,0,0
36,132,3,1,1
89,274,5,1,1
62,158,2,0,0
66,179,3,0,0
74,232,6,1,1
69,174,3,0,0
96,177,2,0,0
55,150,2,0,0
39,190,2,0,0
40,130,3,1,1
96,195,4,0,0
85,156,3,0,0
20,256,5,0,0
92,264,3,0,0
15,259,8,0,0
77,162,4,0,0
49,205,5,0,0
76,235,3,0,0
98,141,3,0,0
38,171,3,0,0
73,200,2,0,0
44,219,4,0,0
72,147,3,0,0
57,255,3,0,0
75,194,4,0,0
60,237,4,0,0
42,191,5,0,0
65,157,4,0,0
96,273,2,0,0
92,255,6,1,1
69,153,2,0,0
58,274,3,0,0
63,191,2,0,0
62,251,10,0,0
45,151,3,1,1
64,248,6,0,0
73,247,4,0,0
61,220,4,0,1
23,131,5,0,0
75,206,2,0,0
54,221,3,0,0
57,144,3,0,0
41,145,3,1,1
89,258,3,0,0
99,215,3,0,0
85,236,4,0,0
99,181,2,0,0
23,220,3,0,0
44,158,3,1,1
93,242,4,0,0
96,137,4,0,0
19,278,6,0,0
45,151,3,1,1
34,131,3,0,0
10,247,4,1,1
15,167,3,0,0
86,251,3,0,0
59,177,2,0,0
98,186,2,0,0
98,166,6,0,0
74,101,6,0,0
50,185,2,0,0
85,240,6,1,0
58,270,2,0,0
70,178,3,0,0
95,168,2,0,0
62,253,4,0,0
97,266,2,0,0
45,129,3,1,1
19,222,5,0,0
89,195,2,0,0
42,133,3,1,1
58,224,3,0,0
62,174,3,0,0
72,249,5,1,1
87,187,3,0,0
63,229,3,0,0
82,149,6,0,0
19,173,5,0,0
81,269,6,1,1
44,133,3,1,1
66,152,3,0,0
9,279,4,1,1
75,205,3,0,0
11,284,4,1,1
52,208,8,0,0
38,147,3,1,1
75,252,3,0,0
87,207,2,0,0
97,164,10,0,0
10,293,4,1,1
75,272,4,0,0
42,227,3,0,0
94,250,5,0,0
82,232,5,1,1
53,143,2,0,0
50,142,3,0,0
86,242,2,0,0
94,151,2,0,0
87,268,3,0,0
99,184,3,0,0
71,158,3,0,0
83,255,5,1,1
63,243,3,0,0
92,208,3,0,0
23,163,6,0,0
99,180,3,0,0
68,158,3,0,0
58,168,2,0,0
62,191,3,0,0
59,203,4,0,0
26,284,2,0,0
38,170,3,0,0
81,202,3,0,0
91,159,3,0,0
11,282,4,1,1
49,190,2,0,0
82,187,3,0,0
38,145,5,0,0
63,101,3,0,0
49,199,3,0,0
97,153,2,0,0
74,192,4,0,0
41,156,3,1,1
43,131,3,1,1
11,287,4,1,1
70,224,3,0,0
40,252,6,0,0
32,184,5,0,0
99,153,4,0,0
70,181,2,0,0
34,154,2,0,0
11,277,4,1,1
19,148,4,0,0
51,187,3,0,0
83,201,2,0,0
55,260,3,0,0
77,215,2,0,0
29,149,3,0,0
10,290,4,1,1
37,157,3,1,1
92,217,4,0,0
90,257,3,0,0
52,173,2,0,0
10,272,4,1,1
99,240,4,0,0
9,245,4,1,1
70,158,3,0,0
90,232,5,1,1
83,233,3,0,0
71,135,4,0,0
68,146,2,0,0
83,232,2,0,0
25,158,3,0,0
20,237,5,0,0
99,155,3,0,0
89,208,2,0,0
38,148,3,1,1
75,254,5,1,1
80,268,2,1,1
70,233,6,0,0
66,196,3,0,0
80,248,3,0,0
86,267,5,1,1
55,272,4,0,0
64,166,2,0,0
44,148,3,1,1
80,189,2,0,0
74,189,2,0,0
97,164,5,0,0
52,253,3,0,0
61,98,2,0,0
9,275,4,1,1
63,192,3,0,0
10,261,5,1,1
90,226,2,0,0
16,99,5,0,0
52,230,2,0,0
43,136,3,1,1
30,232,3,0,0
86,192,3,0,0
86,268,2,0,0
70,182,3,0,0
97,258,2,0,0
62,155,3,0,0
49,192,7,0,0
18,202,4,0,0
41,128,3,1,1
66,236,3,0,0
68,237,3,0,0
59,136,2,0,0
11,303,4,1,1
75,181,3,0,0
65,131,5,0,0
86,274,3,0,0
21,189,2,0,0
92,207,2,0,0
80,135,2,0,0
76,206,2,0,0
95,251,4,0,0
16,240,2,0,0
91,259,4,0,0
78,161,3,0,0
60,262,3,0,0
85,221,5,1,1
44,148,3,1,1
60,262,2,0,0
44,141,3,1,1
76,195,3,0,0
81,238,6,1,1
67,241,3,0,0
76,254,3,0,0
93,223,3,0,0
87,274,5,1,1
43,140,3,1,1
34,283,2,0,0
19,278,6,0,0
41,160,3,1,1
65,173,3,0,0
11,273,4,1,1
44,156,3,1,1
39,129,3,1,1
83,226,2,0,0
93,243,2,0,0
77,246,6,0,0
50,144,8,0,0
17,179,4,0,0
81,250,4,0,0
73,184,2,0,0
97,238,10,0,0
60,201,3,0,0
89,242,5,1,1
70,225,7,0,0
24,281,7,0,0
66,157,2,0,0
65,196,2,0,0
49,188,3,0,0
77,170,7,0,0
53,249,3,0,0
70,183,2,0,0
36,130,3,1,1
79,139,3,0,1
51,136,3,0,0
75,256,5,1,1
89,231,3,0,0
74,156,4,0,0
72,191,2,0,0
20,199,4,0,0
67,192,4,0,0
17,184,4,0,0
88,162,2,0,0
92,210,2,0,0
51,162,4,0,0
88,142,3,0,0
26,178,6,0,0
45,142,3,1,1
98,142,2,0,0
51,140,3,0,0
45,151,3,1,0
57,140,2,0,0
54,147,3,0,0
74,244,3,0,0
94,176,8,0,0
58,207,7,0,0
78,197,3,0,0
60,138,3,0,0
43,151,3,1,1
87,253,6,1,1
33,274,3,0,0
49,244,3,0,0
77,236,5,1,1
96,162,3,0,0
59,191,3,0,0
9,249,4,1,1
10,256,4,1,1
83,255,7,0,0
79,169,3,0,0
50,237,2,0,0
61,225,4,0,0
59,143,3,0,0
9,289,4,1,1
91,253,5,1,1
42,115,3,0,0
63,215,3,0,0
83,165,3,0,0
64,177,3,0,0
87,258,5,1,1
97,231,3,0,0
58,218,3,0,0
50,162,2,0,0
20,272,5,0,0
100,237,3,0,0
10,306,4,1,1
13,132,4,0,0
84,224,2,0,0
85,153,4,0,0
53,281,6,1,1
76,229,3,0,0
52,210,2,0,0
68,224,2,0,0
87,228,5,1,1
57,262,2,0,0
95,151,4,0,0
78,245,3,0,0
85,205,3,0,0
74,262,5,1,1
10,247,4,1,1
91,139,5,0,0
43,147,3,1,1
37,132,3,1,1
52,185,2,0,0
49,193,3,0,0
81,270,3,0,0
36,132,3,1,1
42,190,4,0,0
82,148,3,0,0
74,135,3,0,0
77,207,5,0,0
84,157,4,0,0
65,171,3,0,0
83,156,3,0,0
86,197,3,0,0
83,197,4,0,0
91,247,5,1,1
97,221,3,0,0
65,201,10,0,0
46,165,3,0,0
65,259,3,0,0
37,128,3,1,1
61,201,2,0,0
44,140,3,1,1
86,186,3,0,0
47,169,6,0,0
69,253,3,0,0
79,254,6,1,1
37,260,3,0,0
93,110,3,0,0
93,253,3,0,0
56,270,3,0,0
73,205,4,0,0
74,264,3,0,0
21,141,4,0,0
10,303,5,1,1
40,156,3,1,1
70,162,8,0,0
88,219,6,1,1
82,247,3,0,0
43,136,3,1,1
88,255,3,0,0
90,211,3,0,0
10,254,5,1,1
70,215,2,0,0
58,223,3,0,0
59,197,7,0,0
47,207,3,0,0
72,138,2,0,0
78,203,2,0,0
63,252,3,0,0
83,149,2,0,0
68,174,2,0,0
61,230,3,0,0
84,236,3,0,0
48,222,2,0,0
73,247,4,0,0
52,134,4,0,0
24,165,5,0,0
48,136,3,0,0
52,218,2,0,0
49,148,2,0,0
91,195,3,0,0
36,155,3,1,0
58,238,3,1,1
76,169,10,0,0
24,231,4,0,0
67,190,2,0,0
81,270,5,1,1
97,185,2,0,0
83,267,6,1,1
73,190,2,0,0
98,133,3,0,0
81,148,3,0,0
40,158,3,1,1
60,226,2,0,0
90,259,6,0,1
10,292,4,1,1
61,245,3,0,0
45,111,5,0,0
23,277,5,0,0
84,139,2,0,0
72,223,3,0,0
43,158,3,1,1
20,224,5,0,0
9,257,4,1,1
90,254,2,0,0
11,264,4,1,1
15,251,5,0,0
39,142,3,1,1
56,137,2,0,0
11,306,4,1,1
86,260,2,0,0
35,137,5,0,0
61,193,2,0,0
59,226,3,0,0
59,209,2,0,0
61,113,3,0,0
65,131,3,0,0
38,138,3,1,1
72,264,3,0,0
52,217,2,0,0
78,155,3,0,0
10,305,4,1,1
49,181,3,0,0
37,149,3,1,1
83,159,2,0,0
89,249,3,0,0
81,221,2,0,0
90,163,3,0,0
64,231,4,0,0
46,108,3,0,0
70,99,4,0,0
65,258,2,0,0
34,158,2,0,0
72,267,5,1,1
95,120,3,0,0
17,239,6,0,0
53,223,10,0,0
67,161,2,0,0
79,222,2,0,0
54,249,3,0,0
70,136,3,0,1
80,199,2,0,0
10,307,4,1,1
10,309,4,1,1
56,143,2,0,0
78,261,3,0,0
10,260,4,1,1
53,267,4,0,0
70,168,3,0,0
10,265,5,1,1
90,264,6,1,1
37,153,3,1,1
100,173,2,0,0
90,256,4,0,0
50,201,5,0,0
79,263,2,0,0
50,165,2,0,0
80,241,2,0,0
92,236,2,0,0
50,150,3,0,0
78,169,2,0,0
75,117,3,0,0
100,106,4,0,0
64,247,2,0,0
10,254,4,1,1
51,243,5,0,1
92,176,3,0,0
65,128,3,0,0
39,155,3,1,1
19,192,4,1,0
48,277,2,0,0
82,271,2,0,0
43,157,3,1,1
62,270,6,0,0
52,104,4,0,0
75,198,3,0,0
24,106,5,0,0
74,175,3,0,0
9,296,4,1,1
67,254,3,0,0
34,141,3,0,0
81,181,2,0,0
40,149,3,1,1
68,218,5,0,0
9,304,4,1,1
44,135,3,1,1
77,164,3,0,0
77,184,3,0,0
84,187,2,0,0
71,173,2,0,0
74,273,3,0,0
48,183,2,0,0
11,306,4,1,1
89,190,3,0,0
72,153,5,1,1
69,128,3,0,0
56,223,3,0,0
84,186,2,0,0
91,176,3,0,0
43,186,2,0,0
62,165,4,0,0
60,219,4,0,0
98,234,3,0,0
88,243,4,0,0
34,136,3,0,0
43,153,3,1,1
56,263,4,0,0
21,118,4,0,0
59,123,2,0,0
35,130,3,0,0
10,247,4,1,1
57,188,5,0,0
73,167,3,0,0
97,149,2,0,0
68,161,3,0,0
97,151,3,0,0
85,236,5,1,1
92,224,2,0,0
43,154,2,0,0
70,158,2,0,0
49,195,3,0,0
68,173,3,0,0
78,139,3,0,0
84,270,3,0,0
33,130,4,0,0
60,214,2,0,0
100,181,2,0,0
57,151,2,0,0
55,192,3,0,0
70,173,2,0,0
11,244,4,1,1
74,166,3,0,0
80,255,5,1,0
21,229,5,0,0
11,264,4,1,1
98,191,2,0,0
10,289,4,1,1
90,152,3,0,0
62,252,4,0,0
60,204,3,0,0
55,178,2,0,0
89,210,2,0,0
55,226,5,0,0
82,257,5,1,1
11,270,4,1,1
11,285,4,1,1
67,206,3,0,0
9,269,4,1,1
73,226,3,0,0
16,218,6,0,0
11,284,4,1,1
49,161,7,0,0
86,256,3,0,0
77,218,2,0,0
31,104,7,0,0
95,240,7,0,0
54,141,2,0,0
74,148,3,0,0
11,310,4,1,1
82,248,5,1,1
97,188,3,0,0
80,139,2,0,0
51,171,2,0,0
56,224,3,0,0
97,198,2,0,0
77,225,3,0,0
84,153,4,0,0
54,219,3,0,0
79,114,3,0,0
61,216,4,0,0
87,219,5,1,1
58,253,2,0,0
50,107,4,0,0
79,208,4,0,0
91,117,5,0,0
38,132,3,1,1
54,170,4,0,0
59,234,3,0,0
89,241,2,0,0
93,200,3,0,0
43,135,3,1,1
90,263,3,0,0
43,158,3,1,1
37,134,3,1,1
97,216,3,0,0
74,213,3,0,0
94,241,2,0,0
45,140,2,0,0
39,158,3,1,1
36,156,3,1,1
62,261,2,0,0
53,248,2,0,0
67,258,3,0,0
97,149,3,0,0
55,151,3,0,0
49,186,2,0,0
64,179,3,0,0
89,190,3,0,0
63,260,2,0,0
63,133,2,0,0
55,214,3,0,0
82,225,5,1,1
49,125,4,0,0
70,208,3,0,0
55,158,3,0,0
52,163,2,0,0
45,155,3,1,1
75,146,8,0,0
36,159,3,1,1
79,235,2,0,0
37,151,3,1,1
32,138,3,0,0
43,157,3,1,1
61,216,3,0,0
18,241,6,0,0
84,105,5,0,0
41,143,3,1,1
38,145,3,1,1
75,136,3,0,0
38,128,3,1,1
53,173,3,0,0
10,246,4,1,1
63,175,4,0,0
68,197,3,0,0
17,241,5,0,0
92,236,3,0,0
43,153,3,1,1
81,247,2,0,0
43,160,3,1,1
57,145,3,0,0
90,245,2,0,0
99,140,3,0,0
67,269,2,0,0
86,171,2,0,0
19,156,6,0,0
42,128,3,1,1
83,249,2,0,0
41,136,3,1,1
87,212,3,0,0
82,164,3,0,0
97,154,8,0,0
95,234,3,0,0
48,142,4,0,0
10,284,4,1,1
89,253,5,1,1
70,179,2,0,0
45,149,3,1,1
68,198,5,0,1
10,265,4,1,1
79,158,3,0,0
11,269,5,1,1
54,197,3,0,0
45,136,3,1,1
90,201,2,0,0
52,234,3,0,0
45,148,3,1,1
49,264,2,0,0
97,267,4,0,0
37,157,3,1,1
79,192,3,0,0
71,188,6,0,0
92,174,3,0,0
69,164,10,0,0
46,135,2,0,0
70,232,3,0,0
99,195,3,0,0
38,150,3,1,1
96,233,3,0,0
81,235,5,1,1
82,182,3,0,0
61,136,3,0,0
79,257,6,1,1
52,233,3,0,0
10,286,4,1,1
80,252,6,1,0
38,140,3,1,1
79,240,5,1,1
83,269,5,1,1
82,203,3,0,0
10,301,4,1,1
34,175,4,0,0
61,153,3,0,0
64,200,3,0,0
51,247,2,0,0
39,147,3,1,1
83,150,3,0,0
81,167,4,0,0
73,171,3,0,0
94,229,3,0,0
59,271,2,0,0
23,204,4,0,1
50,220,3,0,0
95,247,2,0,0
81,195,2,0,0
9,271,4,1,1
49,238,4,0,0
65,142,2,0,0
43,141,3,1,1
77,187,6,0,0
12,166,3,0,0
91,235,4,0,0
65,101,3,0,0
86,213,3,0,0
91,139,3,0,0
66,139,10,0,0
77,134,3,0,0
57,100,4,0,0
40,138,3,1,1
34,141,2,1,1
94,211,3,0,0
78,194,2,0,0
51,137,3,0,0
61,140,3,0,0
71,253,3,0,0
93,237,4,0,0
63,201,3,0,0
91,145,3,0,0
39,159,3,1,1
67,133,2,0,0
97,257,2,0,0
74,135,4,0,0
59,196,3,0,0
36,132,3,1,1
12,230,4,0,0
40,127,5,0,0
71,251,3,0,0
64,140,4,0,0
37,159,3,1,1
37,134,3,1,1
31,133,5,1,1
94,197,3,0,0
69,267,2,0,0
82,225,2,0,0
51,176,3,0,0
74,232,3,0,0
57,102,6,0,0
62,153,3,0,0
99,235,3,0,0
11,305,4,1,1
82,160,3,0,0
38,140,3,1,1
14,260,6,0,0
84,172,2,0,0
83,218,3,0,0
94,171,3,0,0
78,111,6,0,0
90,274,2,0,0
87,255,5,1,1
42,146,3,1,0
52,148,3,0,0
48,199,2,1,0
22,262,4,0,0
11,278,4,1,1
9,255,4,1,1
36,147,3,1,1
62,268,6,0,0
65,170,5,0,0
36,206,4,0,0
92,258,3,0,0
69,174,2,0,0
57,224,10,0,0
95,229,3,0,0
93,222,2,0,0
85,208,4,0,0
85,267,3,0,0
36,156,3,1,1
92,145,3,0,0
24,195,5,0,0
36,187,3,0,0
24,213,4,0,0
59,138,2,0,0
58,251,3,0,0
85,150,2,0,0
30,129,2,0,0
11,256,4,1,1
81,258,3,0,0
78,207,2,0,0
74,228,5,1,1
21,169,4,0,0
77,134,3,0,0
83,179,2,0,0
42,149,3,1,1
54,266,2,0,0
35,244,3,0,0
11,308,4,1,1
89,167,2,0,0
9,310,4,1,1
68,199,3,0,0
44,124,3,0,0
62,252,4,0,0
66,179,3,0,0
70,189,3,0,0
64,266,3,0,0
97,270,4,0,0
37,134,3,1,0
61,275,2,0,0
64,196,3,0,0
80,212,3,0,0
88,208,7,0,0
39,151,3,1,1
58,271,3,0,0
91,168,3,0,0
73,148,3,0,0
39,131,3,1,1
87,228,5,1,1
66,187,2,0,0
94,273,3,0,0
77,165,2,0,0
67,254,2,0,0
76,263,5,1,1
44,146,3,1,1
82,238,3,0,0
89,152,3,0,0
48,270,4,1,1
64,207,2,0,0
74,137,3,0,0
70,246,2,0,0
99,162,4,0,0
37,131,3,1,1
11,285,4,1,1
9,259,4,1,1
83,275,5,1,1
73,222,3,0,0
59,149,3,0,0
51,134,3,0,1
89,210,3,0,0
61,99,2,0,0
91,174,3,0,0
10,303,4,1,1
81,270,10,0,0
41,143,3,1,1
76,278,2,0,0
54,175,3,0,0
62,165,3,0,0
53,205,2,0,0
53,180,3,0,0
29,152,3,0,0
67,140,2,0,0
83,267,6,1,1
27,301,3,1,1
72,286,6,0,0
52,151,3,0,0
46,157,3,1,1
74,249,5,1,1
92,236,3,0,0
64,143,6,0,0
60,140,5,0,0
54,157,3,0,0
38,189,5,0,0
69,167,3,0,0
71,163,3,0,0
21,189,2,0,0
28,260,2,0,0
89,181,5,1,1
63,179,3,0,0
10,265,4,1,1
79,218,5,1,1
74,172,3,0,0
57,230,2,0,0
45,134,3,1,1
75,237,3,0,0
80,228,3,0,0
98,165,2,0,0
90,139,3,0,0
58,139,4,0,0
57,255,3,0,0
69,257,3,0,0
45,156,7,0,0
84,178,2,0,0
46,154,3,1,1
92,170,3,0,0
96,175,3,0,0
11,310,4,1,1
95,142,2,0,0
74,157,4,0,0
18,248,3,0,0
57,248,4,0,0
91,273,4,0,0
64,167,2,0,0
52,174,3,0,0
72,143,6,0,0
62,163,3,0,0
80,218,3,0,0
42,174,5,0,0
57,263,2,0,0
76,239,5,1,1
10,253,4,1,1
92,178,3,0,0
47,191,3,0,0
50,186,3,0,0
64,145,3,0,0
35,227,2,0,0
87,266,2,0,0
59,176,2,0,0
40,155,3,1,1
90,279,6,0,0
56,191,2,0,0
79,152,3,0,0
65,128,5,0,0
71,268,4,0,0
66,177,7,0,0
65,229,4,0,0
65,151,3,0,0
12,278,4,1,1
40,143,3,1,1
98,152,2,0,0
52,174,3,0,0
99,167,2,0,0
62,271,3,0,0
26,152,4,0,0
36,140,3,1,1
10,265,4,1,1
84,118,3,0,0
99,232,3,0,0
91,188,3,0,0
76,122,5,0,0
66,191,2,0,0
66,202,6,0,0
38,146,3,1,1
51,130,4,0,0
48,103,4,0,0
61,160,2,0,0
69,133,3,0,0
69,233,2,0,0
46,161,3,1,1
44,132,3,1,0
85,248,5,1,1
94,111,4,0,0
69,269,6,0,0
78,239,6,1,1
30,99,2,0,0
10,256,4,1,1
83,149,3,0,0
59,159,3,0,0
69,226,4,0,0
91,97,4,0,0
93,196,2,0,0
42,143,3,1,1
87,138,3,0,0
50,252,2,0,0
92,196,2,0,0
36,157,3,1,1
50,172,2,0,0
64,147,7,0,0
84,236,3,0,0
87,246,2,0,0
50,259,2,0,0
77,259,6,1,1
81,236,3,0,0
87,252,5,1,1
99,190,4,0,0
70,191,3,0,0
9,294,4,1,1
48,208,3,0,0
63,214,2,0,0
83,226,3,0,0
44,127,3,1,1
10,295,4,1,1
91,226,3,0,0
67,265,3,0,0
63,208,2,0,0
76,173,3,0,0
47,111,4,0,0
59,189,2,0,0
54,217,3,0,0
58,131,2,0,0
14,253,5,0,0
98,209,6,0,0
60,222,2,0,0
71,227,2,0,0
97,219,3,0,0
10,270,4,1,1
71,255,3,0,0
59,261,2,0,0
10,310,4,1,1
9,293,5,1,1
91,211,3,0,0
82,210,2,0,0
81,201,3,0,0
39,146,3,1,1
73,223,3,0,0
10,264,4,1,1
47,263,5,0,0
85,247,6,1,1
66,157,3,0,0
76,227,5,1,1
79,191,6,0,0
50,245,4,0,0
82,160,3,0,0
20,218,5,0,0
69,200,2,0,0
70,263,3,0,0
65,233,3,0,0
85,188,4,0,0
43,127,3,1,1
34,266,6,0,0
40,147,3,1,1
72,216,10,0,0
59,200,3,0,0
11,306,4,1,1
87,154,3,0,0
87,259,3,0,0
96,157,3,0,0
77,164,2,0,0
81,274,3,0,0
85,186,7,0,0
39,100,8,0,0
90,258,2,0,0
92,191,3,0,0
74,224,2,0,0
84,222,6,1,1
73,178,2,0,0
55,239,4,0,0
35,275,4,0,0
77,184,3,0,0
27,217,6,0,0
19,196,5,0,0
97,195,2,0,0
76,227,5,1,1
37,159,2,0,0
63,210,3,0,0
63,174,2,0,0
38,154,4,0,1
11,280,4,1,1
55,260,3,0,0
11,282,4,1,1
26,242,6,0,0
89,174,2,0,0
89,196,3,0,0
38,151,3,1,1
89,261,4,0,0
63,265,3,0,0
42,146,3,1,1
83,258,5,1,1
37,186,2,0,0
87,304,5,1,1
76,190,3,0,0
86,151,2,0,0
85,232,5,0,0
43,147,3,1,1
45,111,5,0,0
77,233,2,0,0
60,157,4,0,0
37,197,3,0,0
74,273,3,0,0
65,117,10,0,0
88,141,2,0,0
56,272,2,0,0
88,208,7,0,0
82,213,2,0,0
34,287,5,0,0
96,271,2,0,0
61,261,4,0,0
88,263,3,0,0
41,154,3,1,1
85,202,3,0,0
97,223,2,0,0
56,214,2,0,0
40,165,2,0,0
50,264,8,0,0
91,144,3,0,0
93,145,3,0,0
64,246,2,0,0
69,113,4,0,0
78,149,4,0,0
52,141,5,0,0
90,221,6,1,1
77,269,3,0,0
53,172,5,0,0
82,161,3,0,0
91,172,3,0,0
71,271,2,0,0
67,222,3,0,0
69,261,4,0,0
86,208,2,0,0
56,274,3,0,0
50,270,3,0,0
93,233,3,0,0
57,212,8,0,0
11,284,4,1,1
23,274,5,0,0
68,133,3,0,0
78,159,3,0,0
19,167,5,0,0
73,132,2,0,0
69,264,3,0,0
91,116,5,0,0
20,225,5,0,0
77,152,3,0,0
88,231,3,0,0
52,171,2,0,0
24,203,5,0,0
82,266,3,0,0
54,259,2,0,0
51,267,3,0,0
21,163,6,0,0
96,247,3,0,0
62,183,4,0,0
87,202,3,0,0
83,224,5,1,1
73,262,5,1,1
73,243,2,0,0
48,219,6,1,1
84,262,2,0,0
64,211,2,0,0
59,169,3,0,0
74,157,2,0,0
52,247,4,0,0
38,144,3,1,1
42,143,3,1,1
72,198,2,0,0
72,257,6,1,0
49,263,3,0,0
96,170,3,0,0
97,144,3,0,0
93,141,2,0,0
82,232,3,0,0
57,141,3,0,0
75,284,6,0,0
34,155,10,0,0
17,218,4,0,0
68,187,4,0,0
60,209,2,0,0
67,265,4,0,0
96,231,6,0,0
84,211,3,0,0
38,134,3,1,1
66,216,3,0,0
64,253,10,0,0
76,141,2,0,0
70,207,2,0,0
43,157,3,1,1
74,154,2,0,0
71,180,3,0,0
100,191,4,0,0
55,193,2,0,0
44,136,3,1,0
97,250,6,0,0
97,257,4,0,0
97,201,2,0,0
76,157,3,0,0
43,129,3,1,1
16,165,3,0,0
83,248,3,0,0
55,257,3,0,0
86,238,5,1,0
86,134,2,0,0
28,191,3,0,0
86,208,3,0,0
41,132,3,1,1
85,256,7,0,0
99,185,5,0,0
64,265,4,0,0
99,263,3,0,0
81,198,4,0,0
22,131,5,0,0
74,259,5,1,1
56,274,4,0,0
98,260,3,0,0
97,167,3,0,0
11,255,4,1,1
51,233,4,0,0
72,172,3,0,0
60,137,5,0,0
44,199,2,0,0
18,160,5,0,0
33,216,3,0,0
77,202,3,0,0
76,246,5,1,1
59,264,3,0,0
10,278,4,1,1
100,165,2,0,0
52,210,3,0,0
80,260,5,1,1
75,229,2,0,0
37,149,3,1,1
89,241,2,0,0
90,158,7,0,0
76,156,3,0,0
11,292,4,1,1
36,156,3,1,1
89,208,3,0,0
15,201,6,0,0
27,278,3,1,1
85,179,3,0,0
37,160,3,1,1
92,220,2,0,0
88,275,3,0,0
86,258,3,0,0
73,163,3,0,0
76,227,5,1,1
77,225,4,0,0
77,263,6,1,0
42,159,3,1,1
43,169,5,0,0
82,250,3,0,0
11,260,5,1,1
51,203,3,0,0
76,234,3,0,0
93,272,3,0,0
11,296,4,1,1
70,157,3,0,0
57,236,3,0,0
99,193,3,0,0
71,198,2,0,0
74,216,3,0,0
52,134,3,0,0
67,177,3,0,0
72,270,4,0,0
16,229,6,0,0
99,163,2,0,0
78,159,3,0,0
58,210,3,0,0
56,145,2,0,0
43,131,3,1,1
89,179,8,0,0
99,210,2,0,0
68,148,3,0,0
91,235,5,1,1
88,224,2,0,0
55,191,3,0,0
46,144,3,1,1
100,171,5,0,0
65,226,2,0,0
41,151,3,1,0
22,166,6,0,0
43,149,3,1,1
90,231,3,0,0
58,113,3,0,0
36,148,3,1,1
65,171,4,0,0
74,150,2,0,0
83,257,2,0,0
100,168,3,0,0
97,208,2,0,0
97,118,2,0,0
14,207,5,0,0
53,180,3,0,0
82,232,3,0,0
77,237,5,1,1
83,257,5,1,1
40,128,3,1,1
16,203,3,0,0
46,152,3,1,1
42,137,3,1,1
75,216,6,1,1
95,225,3,0,0
83,136,3,0,0
12,194,4,0,0
15,144,7,0,0
94,150,2,0,0
45,134,3,1,1
80,194,3,0,0
78,139,3,0,0
57,268,3,0,0
84,204,3,0,0
9,269,4,1,1
45,151,3,1,1
15,199,2,0,0
11,308,5,1,1
84,263,3,0,0
41,128,3,1,1
89,165,5,0,0
66,105,4,0,0
90,260,5,1,1
75,204,2,0,0
86,223,5,1,1
43,152,3,1,1
90,268,3,0,0
11,254,4,1,1
81,228,3,0,0
66,160,2,0,0
80,134,4,0,0
42,147,3,1,1
63,141,3,0,0
9,276,4,1,1
68,213,5,0,0
64,214,3,0,0
78,150,3,0,0
85,255,4,0,0
59,129,2,0,0
98,219,4,0,0
33,198,4,0,0
24,281,7,0,0
81,270,5,1,1
54,205,5,0,0
62,133,3,0,0
55,237,3,0,0
87,252,5,1,1
77,259,6,1,1
30,171,4,0,0
53,181,3,0,0
55,260,2,0,0
63,269,3,0,0
62,261,2,0,0
81,251,2,0,0
27,108,10,0,0
38,132,3,1,1
57,171,2,0,0
40,144,3,1,1
21,194,2,0,0
11,291,4,1,1
95,221,10,0,0
29,253,3,0,0
68,209,6,0,0
93,255,7,0,0
65,205,3,0,0
91,219,4,0,0
60,109,6,0,0
75,139,3,0,0
82,202,3,0,0
45,169,10,0,0
43,141,3,1,1
91,158,3,0,0
80,157,3,0,0
78,236,3,0,0
89,194,4,0,0
44,134,8,0,0
91,246,5,1,1
66,176,2,0,0
97,193,4,0,0
58,202,2,0,0
66,257,3,0,0
14,275,5,0,0
88,206,2,0,0
65,144,3,0,0
88,240,2,0,0
65,233,3,0,0
54,256,3,0,0
67,178,6,0,0
78,252,3,0,0
96,200,4,0,0
63,180,5,0,0
77,255,2,0,0
68,173,3,0,0
81,141,3,0,0
72,142,3,0,0
61,231,3,0,0
9,289,4,1,1
92,149,3,0,0
82,223,5,1,1
53,157,3,0,0
18,282,4,0,0
64,188,2,0,0
9,307,4,1,1
85,245,3,0,0
90,243,6,1,1
65,222,3,0,0
92,156,3,0,0
90,172,3,0,0
67,141,2,0,0
63,243,4,0,0
54,255,2,0,0
67,266,3,0,0
33,198,4,0,0
90,220,3,0,0
58,258,3,0,0
81,239,5,1,1
50,258,3,0,0
99,205,2,0,0
50,144,8,0,0
57,218,3,0,0
74,198,3,0,0
53,225,7,0,0
18,209,4,0,0
94,261,6,0,0
88,235,2,0,0
76,193,4,0,0
100,246,3,0,0
15,246,2,0,0
48,105,5,0,0
10,286,4,1,1
69,183,4,0,0
10,246,4,1,1
80,202,2,0,0
98,149,2,0,0
84,173,2,0,0
84,238,5,1,1
69,195,2,0,0
87,211,3,0,0
40,143,3,1,1
98,139,2,0,0
10,248,4,1,1
84,155,5,0,0
74,180,3,0,0
10,307,4,1,1
96,137,2,0,0
45,151,3,1,1
37,151,2,0,0
39,169,3,0,0
36,159,3,1,1
32,157,4,0,0
89,246,3,0,0
9,295,4,1,1
25,217,4,1,0
90,218,2,0,0
79,263,5,1,1
70,234,6,0,0
92,225,2,0,0
63,258,3,0,0
78,251,4,0,0
37,127,3,1,1
53,189,3,0,0
47,254,4,1,1
98,257,4,0,0
56,143,4,0,0
67,175,6,0,0
11,253,4,1,1
78,143,2,0,0
43,198,5,0,0
57,275,6,1,1
74,229,6,1,1
56,244,3,0,0
84,171,3,0,0
37,229,6,0,0
88,213,3,0,0
88,185,2,0,0
80,225,4,0,0
60,168,2,0,0
47,152,2,0,0
87,256,2,0,0
67,226,2,0,0
91,135,10,0,0
44,175,2,0,0
79,183,2,0,0
84,263,3,0,0
49,178,8,0,0
52,219,3,0,0
16,284,5,0,0
11,264,4,1,1
70,263,3,0,0
63,152,3,0,0
38,196,3,0,0
19,110,4,0,0
52,150,3,0,0
51,168,2,0,0
91,169,4,0,0
54,144,5,0,0
34,131,6,0,0
50,148,3,0,0
36,197,6,0,0
90,254,2,0,0
36,135,3,1,0
86,212,3,0,0
66,165,5,1,0
75,197,2,0,0
97,176,2,0,0
53,281,6,1,1
63,155,2,0,0
45,181,4,0,0
62,131,4,0,1
48,216,2,0,0
82,249,5,0,1
89,165,6,0,0
84,234,3,0,0
37,159,3,1,1
45,149,3,1,1
76,181,3,0,0
43,149,3,1,1
58,233,2,0,0
63,269,4,0,0
86,271,3,0,0
39,204,5,0,0
87,174,2,0,0
99,160,3,0,0
97,211,7,0,0
41,154,3,1,1
78,260,3,0,0
76,219,2,0,0
46,156,3,1,1
44,130,3,1,1
64,185,2,0,0
70,110,3,0,0
48,220,3,0,0
62,134,3,0,0
60,258,5,1,1
80,159,3,0,0
30,257,5,0,1
39,185,3,0,0
90,179,2,0,0
74,273,3,0,0
40,250,4,0,0
73,231,6,1,0
90,254,2,0,0
83,259,5,1,1
18,240,4,0,0
73,174,3,0,0
36,129,3,1,1
89,264,3,0,0
39,135,3,1,1
66,161,3,0,0
70,180,2,0,0
79,184,5,0,0
18,250,5,0,0
44,152,3,1,1
77,173,2,0,0
53,192,6,0,0
81,275,5,1,1
91,251,6,1,1
55,178,3,0,0
77,221,6,1,1
38,139,3,1,1
44,146,3,1,1
39,127,3,1,1
54,155,3,0,0
67,246,3,0,0
63,234,3,0,0
40,148,3,1,1
87,152,4,0,0
63,272,2,0,0
16,262,6,0,0
56,152,3,0,0
66,204,2,0,0
79,236,3,0,0
40,283,5,0,0
21,218,6,0,0
93,231,6,0,0
17,239,6,0,0
11,298,4,1,1
93,140,3,0,0
92,192,3,0,0
60,192,3,0,0
96,205,8,0,0
64,157,4,0,0
99,259,3,0,0
74,194,8,0,0
61,123,2,0,0
69,168,3,0,0
10,255,4,1,1
74,229,3,0,0
49,226,3,0,0
65,227,3,0,0
81,230,2,0,0
91,169,4,0,0
80,183,2,0,0
94,250,3,0,0
36,167,10,0,0
58,130,3,0,0
88,262,6,1,1
52,112,2,0,0
82,252,3,0,0
10,300,4,1,1
19,193,6,0,0
94,187,3,0,0
76,158,2,0,0
45,154,3,1,1
95,155,3,0,0
79,230,2,0,0
42,188,5,0,0
42,136,3,1,1
71,221,3,0,0
89,260,2,0,0
84,215,3,0,0
63,244,2,0,0
53,272,2,0,0
52,225,3,0,0
96,161,3,0,0
89,220,3,0,0
49,188,4,0,0
12,260,5,0,0
44,175,2,0,0
58,151,2,0,0
78,255,6,1,1
46,156,3,1,1
15,96,2,0,0
17,232,3,1,0
81,259,5,1,1
54,226,2,0,0
66,266,5,0,0
15,98,6,0,0
52,118,2,0,0
74,233,5,1,1
9,271,4,1,1
85,235,3,0,0
85,233,2,0,0
84,121,3,0,0
74,277,3,1,1
81,165,3,0,0
100,265,4,0,0
75,185,3,0,0
80,135,3,0,0
11,305,4,1,1
59,107,3,0,0
37,135,3,1,1
83,233,2,0,0
78,207,2,0,0
86,196,3,0,0
77,239,3,0,0
17,218,4,0,0
95,163,3,0,0
10,281,4,1,1
11,302,4,1,1
54,252,3,0,0
34,118,4,0,0
37,153,3,1,0
37,128,3,1,1
81,241,5,1,1
62,208,2,0,0
45,146,3,1,1
91,142,3,0,0
83,155,3,0,0
96,159,6,0,0
78,202,4,0,0
22,148,5,0,0
62,227,4,0,1
58,287,6,0,0
84,172,5,0,0
53,226,3,0,0
55,136,3,0,1
72,149,3,0,0
82,263,5,1,1
21,175,2,0,0
63,162,2,0,0
68,165,4,0,0
39,152,3,1,0
10,306,4,1,1
27,278,3,1,1
68,274,5,0,0
72,244,6,1,1
54,149,3,0,0
13,219,4,0,0
96,168,2,0,0
99,154,3,0,0
44,161,3,1,0
37,149,3,1,1
23,258,4,0,0
60,185,2,0,0
50,184,3,0,0
54,140,3,0,0
49,238,2,0,0
37,169,2,0,0
61,224,3,0,0
61,247,3,0,0
89,223,2,0,0
36,158,3,1,1
97,196,3,0,0
34,265,6,0,0
65,238,4,0,0
52,139,3,0,0
87,190,4,0,0
44,146,3,1,1
87,144,3,0,0
75,263,3,0,0
85,153,6,0,0
77,181,2,0,0
100,112,2,0,0
82,219,8,0,0
62,195,3,0,0
61,247,2,0,0
48,270,4,1,1
69,186,3,0,0
92,104,7,0,0
46,148,3,1,1
90,215,3,0,0
74,106,5,0,0
90,195,3,0,0
58,194,2,0,0
84,194,3,0,0
65,267,2,0,0
78,175,3,0,0
84,245,3,0,0
88,200,2,0,0
40,127,3,1,1
39,147,3,1,1
98,188,4,0,0
75,237,5,0,0
68,184,3,0,0
93,272,3,0,0
50,208,2,0,0
61,174,4,0,0
59,156,3,0,0
62,151,2,0,0
61,134,3,0,0
52,148,3,0,0
82,183,3,0,0
71,208,2,0,0
77,229,5,1,1
88,125,3,0,0
91,238,2,0,0
69,264,3,0,0
44,113,2,0,0
91,179,4,0,0
66,199,3,0,0
93,135,3,0,0
46,147,3,1,1
54,154,2,0,0
78,192,3,0,0
95,245,3,0,0
57,258,2,0,0
51,140,2,0,0
79,160,4,0,0
57,237,6,0,0
75,250,5,1,0
62,255,2,0,0
10,291,4,1,1
84,138,3,0,0
66,211,4,0,0
82,210,3,0,0
65,224,2,0,0
50,154,10,0,0
69,215,3,0,0
9,266,4,1,1
11,243,4,1,1
38,153,3,1,1
62,216,2,0,0
22,220,4,0,0
18,219,5,0,0
67,145,4,0,0
83,250,2,0,0
21,239,3,0,0
19,268,4,0,0
57,241,4,0,0
58,248,4,0,0
45,154,3,1,1
42,150,3,1,0
83,157,2,0,0
96,158,6,0,0
71,227,2,0,0
93,140,3,0,0
47,246,3,0,0
78,154,3,0,0
13,244,4,0,0
59,153,3,0,0
92,228,2,0,0
55,196,3,0,0
57,207,2,0,0
52,133,3,0,0
42,131,3,1,1
61,267,3,0,0
58,173,3,0,0
49,235,5,0,0
63,215,2,0,0
58,223,4,0,0
40,160,3,1,1
77,200,4,0,0
11,278,5,1,1
91,251,6,1,1
62,271,2,0,0
45,146,3,1,1
61,133,4,0,0
85,187,2,0,0
78,97,4,0,0
80,141,3,0,0
53,236,4,0,0
63,149,3,0,0
62,225,2,0,0
37,138,3,1,1
36,146,3,1,1
54,160,6,0,0
54,208,5,0,0
57,176,3,0,0
77,216,4,0,0
17,194,3,0,0
11,278,4,1,1
80,242,3,0,0
23,212,4,0,0
70,188,2,0,0
100,252,4,0,0
15,176,3,0,0
52,209,2,0,0
86,246,6,1,1
56,224,3,0,0
40,137,3,1,1
80,217,3,0,0
19,225,4,0,0
72,155,2,0,0
77,186,2,0,0
65,223,3,0,0
9,260,4,1,1
96,233,5,0,0
87,176,3,0,0
57,252,3,0,0
80,260,3,0,0
21,173,2,0,0
93,253,3,0,0
70,250,3,0,0
60,178,3,0,0
91,196,2,0,0
93,248,3,0,0
76,164,2,0,0
62,178,3,0,0
73,171,3,0,0
41,145,3,1,1
60,187,2,0,0
93,198,3,0,0
91,257,5,1,1
80,242,3,0,0
92,212,2,0,0
48,150,10,0,0
84,246,4,0,0
25,182,3,0,0
76,150,2,0,0
84,179,2,0,0
89,237,5,1,1
85,178,2,0,0
84,149,3,0,0
69,236,4,0,0
48,262,3,0,0
23,242,4,0,0
24,194,3,0,0
11,298,4,1,1
68,233,3,0,0
53,150,3,0,0
20,156,4,0,0
75,223,6,1,1
78,150,3,0,0
68,261,5,0,0
66,235,3,0,0
60,140,3,0,0
62,141,3,0,0
71,224,3,0,0
39,155,3,1,1
15,222,3,0,0
52,132,4,0,0
82,164,2,0,0
72,240,2,0,1
84,243,2,0,0
73,251,6,0,1
59,207,2,0,0
63,177,3,0,0
84,264,3,0,0
86,238,5,1,1
53,259,3,0,0
90,237,2,0,0
37,142,3,1,1
56,141,3,0,0
92,217,4,0,0
64,165,3,0,0
71,140,2,0,0
92,261,4,0,0
86,251,3,0,0
61,269,4,0,0
78,166,2,0,0
51,233,7,0,0
9,255,4,1,1
87,151,3,0,0
77,159,3,0,0
82,263,6,1,1
88,232,5,1,1
37,151,3,1,1
84,185,3,0,0
62,180,4,0,0
59,179,6,0,0
80,195,3,0,0
78,256,2,0,0
85,242,3,0,0
77,242,6,1,1
99,196,3,0,0
23,233,2,0,0
52,145,3,0,0
78,252,2,0,0
79,156,2,0,0
50,135,3,0,0
88,162,2,0,0
86,270,5,1,1
20,113,3,0,0
19,243,6,0,0
98,180,3,0,0
52,138,2,0,0
94,142,3,0,0
66,255,3,1,1
60,182,2,0,0
83,251,5,1,1
28,150,2,0,0
40,143,3,1,1
24,248,3,0,0
63,141,3,0,0
84,266,3,0,0
26,183,6,0,0
86,263,2,1,1
80,176,3,0,0
96,185,3,0,0
37,159,3,1,1
93,201,3,0,0
59,270,3,0,0
45,129,3,1,1
74,175,3,0,0
58,110,3,0,0
52,150,2,0,0
87,261,5,1,1
57,202,3,0,0
47,241,4,0,0
67,217,2,0,0
91,243,3,0,0
93,258,3,0,0
53,205,3,0,0
15,257,3,0,1
49,183,2,0,0
59,162,4,0,0
53,106,6,0,0
35,236,4,1,1
75,223,6,1,1
37,143,3,1,1
79,170,2,0,0
80,160,3,0,0
80,266,3,0,0
20,221,5,0,0
59,169,2,0,0
94,196,3,0,0
57,250,2,0,0
48,149,2,0,0
81,213,4,0,0
70,263,3,0,0
38,151,3,1,1
79,269,5,1,1
79,294,4,1,1
17,171,5,0,0
53,191,3,0,0
73,257,5,1,1
38,151,3,1,1
52,119,2,0,0
70,158,2,0,0
40,141,3,1,1
78,148,2,0,0
37,156,3,1,1
71,224,3,0,0
76,263,3,0,0
48,219,6,1,1
52,165,2,0,0
97,169,2,0,0
86,155,3,0,0
73,236,6,1,1
11,284,4,1,1
30,210,6,0,0
70,253,3,0,0
70,143,5,0,0
20,191,5,0,0
17,286,3,0,0
83,155,3,0,0
41,145,3,1,1
82,234,5,1,1
40,146,3,1,1
69,260,4,0,0
73,247,5,1,1
62,251,2,0,0
64,133,3,0,0
100,264,4,0,0
94,270,3,0,0
37,155,3,1,1
40,151,3,1,1
48,255,6,0,0
37,151,3,1,1
52,216,3,0,0
54,118,5,0,0
80,161,3,0,0
70,202,3,0,0
69,227,2,0,0
80,217,5,1,1
52,174,3,0,0
76,186,2,0,0
75,214,3,0,0
63,189,3,0,0
69,186,3,0,0
75,152,4,0,0
72,221,3,0,0
60,160,2,0,0
68,159,2,0,0
11,304,4,1,1
89,164,3,0,0
58,220,10,0,0
11,279,4,1,1
96,272,3,0,0
70,181,3,0,0
85,267,5,1,1
45,98,3,0,0
80,226,2,0,0
45,140,3,1,1
53,239,2,0,0
46,138,3,1,1
83,219,5,1,1
44,148,3,1,1
91,147,3,0,0
99,181,2,0,0
15,284,4,0,0
75,173,3,0,0
74,244,2,0,0
97,137,8,0,0
56,109,2,0,0
82,145,6,0,0
70,150,4,0,0
90,271,5,1,1
11,305,4,1,1
59,155,5,1,1
54,147,2,0,0
96,198,3,0,0
65,273,2,0,0
21,269,4,0,0
89,189,3,0,0
67,137,2,0,0
42,143,3,1,1
44,151,3,1,0
44,149,3,1,1
17,259,4,0,0
48,251,3,0,0
50,130,10,0,0
70,227,2,0,0
11,300,4,1,1
67,239,2,0,0
37,140,3,1,1
74,275,3,0,0
20,162,6,0,0
63,246,2,0,0
90,243,6,1,1
42,154,3,1,1
75,231,3,0,0
74,242,5,1,1
97,215,7,0,0
92,149,3,0,0
70,159,3,0,0
24,225,6,0,0
44,119,2,0,0
59,190,2,0,0
13,178,5,0,0
50,214,3,0,0
38,151,2,0,0
42,218,4,1,1
77,153,3,0,0
69,137,3,0,0
38,140,3,1,1
81,162,2,0,0
57,162,3,0,0
84,215,2,0,0
89,195,6,1,1
77,178,2,0,0
10,280,4,1,1
61,224,3,0,0
42,183,2,0,0
39,156,3,1,1
53,238,2,0,0
58,156,2,0,0
57,196,2,0,0
72,242,8,0,0
40,128,3,1,1
54,244,2,0,0
48,213,10,0,0
44,127,3,1,1
61,156,4,0,0
97,142,2,0,0
76,169,10,0,0
63,219,3,0,0
88,222,3,0,0
54,156,7,0,0
59,106,2,0,0
41,135,3,1,1
93,283,7,0,0
76,246,5,1,1
100,201,4,0,0
63,227,2,0,0
92,141,2,0,0
73,181,4,0,0
11,264,4,1,1
92,198,2,0,0
15,249,5,0,0
97,258,3,0,0
34,116,3,0,0
46,148,3,1,1
61,104,2,0,0
9,275,4,1,1
10,309,4,1,1
70,260,4,0,0
40,160,3,1,1
86,229,4,0,0
60,191,5,0,0
45,146,3,1,1
55,201,2,0,0
19,143,5,0,0
60,132,4,0,0
81,187,2,0,0
42,150,3,1,1
10,281,4,1,1
21,245,6,0,0
61,254,2,0,0
24,228,5,0,0
36,143,3,1,1
70,261,3,0,0
40,198,2,0,0
11,264,4,1,1
42,142,3,1,1
12,278,4,1,1
80,190,4,0,0
57,177,2,0,0
91,167,2,0,0
93,244,3,0,0
78,263,6,1,1
96,228,2,0,0
44,145,3,1,1
64,147,2,0,0
42,132,3,1,1
49,212,2,0,0
69,234,2,0,0
91,189,2,0,0
55,233,2,0,0
92,184,3,0,0
94,218,3,0,0
73,208,5,0,0
54,123,4,0,0
48,248,2,0,0
82,178,2,0,0
39,142,3,1,1
57,173,2,0,0
69,169,2,0,0
18,132,3,0,0
53,231,2,0,0
76,262,2,0,0
92,259,5,1,1
60,175,3,0,0
64,223,3,0,0
54,278,2,0,0
10,273,4,1,1
24,174,6,0,0
40,139,3,1,1
11,298,4,1,1
14,205,3,0,0
55,179,2,0,0
73,133,3,0,0
21,270,2,0,0
10,272,4,1,1
73,232,5,1,1
66,260,3,0,0
44,127,3,1,1
10,254,4,1,1
87,244,3,0,0
75,98,5,0,0
16,206,5,0,0
54,206,4,0,0
88,220,3,0,0
94,118,4,0,0
53,224,2,0,0
22,178,5,0,0
78,252,3,0,0
57,249,10,0,0
82,178,7,0,0
97,238,10,0,0
70,151,2,0,0
59,200,4,0,0
40,137,3,1,1
57,237,2,0,0
80,156,2,0,0
70,263,3,0,0
71,142,2,0,0
48,280,2,0,0
75,237,5,0,1
83,268,2,0,0
63,242,3,0,0
49,225,2,0,0
59,268,4,0,0
72,109,5,0,0
64,241,3,0,0
75,229,2,0,0
93,166,3,0,0
33,163,3,0,0
68,134,3,0,0
59,123,2,0,0
74,135,2,0,0
84,249,6,1,1
57,172,4,0,0
40,123,2,0,0
83,224,4,0,0
20,163,2,0,0
73,205,3,0,0
